id,state,start_date,end_date,race_type,special,primary_type,primary_note,prez,senate,house,gov,state_officers,state_leg,portal_link,direct_links,county_level,county_level_status,precinct_level,precinct_level_status,cong_dist_level,cong_dist_level_status,state_leg_level,state_leg_level_status,state_level,state_level_status,result_type,absentee_and_provisional,user_fullname
1892,WI,2019-04-30,2019-04-30,general,True,,,False,False,False,False,False,True,https://elections.wi.gov/node/6519,https://elections.wi.gov/files/Assembly%2064%20Special%20Election-Ward%20by%20Ward%20Report.xlsx,False,,True,yes,False,,False,,False,,certified,False,"Davies, Nick"
1891,WI,2019-04-02,2019-04-02,general,False,,,False,False,False,False,True,False,https://elections.wi.gov/elections-voting/results/2019/spring-election,"https://elections.wi.gov/files/Spring%20Election%204.2.19-WxW%20Report-Supreme%20Court.xlsx, 
https://elections.wi.gov/files/Spring%20Election%204.2.19-WxW%20Report-Court%20of%20Appeals.xlsx, 
https://elections.wi.gov/files/Spring%20Election%204.2.19-WxW%20Report-Circuit%20Court.xlsx",False,,True,yes,False,,False,,False,,certified,False,"Davies, Nick"
1890,WI,2019-04-02,2019-04-02,primary,True,open,,False,False,False,False,False,True,https://elections.wi.gov/elections-voting/results/2019/special-primary-ad64,https://elections.wi.gov/files/2019-04/Assm%2064%20Special%20Primary%204.2.19%20WxW%20Report.xlsx,False,,True,yes,False,,False,,False,,certified,False,"Davies, Nick"
1889,WI,2019-02-19,2019-02-19,primary,False,other,Non-partisan,False,False,False,False,False,False,https://elections.wi.gov/elections-voting/results/2019/spring-primary,https://elections.wi.gov/files/Ward%20by%20Ward%20Report%20-Spring%20Primary.xlsx,False,,True,yes,False,,False,,False,,certified,False,"Post, Davi"
1886,WI,2018-11-06,2018-11-06,general,False,,,False,True,True,True,True,True,https://elections.wi.gov/node/6300,"https://elections.wi.gov/files/Ward%20by%20Ward%20Report-Gen%20Election-Statewide%20Constitutional%20Offices.xlsx, 
https://elections.wi.gov/files/Ward%20by%20Ward%20Report-Gen%20Election-US%20Senator.xlsx, 
https://elections.wi.gov/files/Ward%20by%20Ward%20Report-Gen%20Election-Congress.xlsx, 
https://elections.wi.gov/files/Ward%20by%20Ward%20Report-Gen%20Election-State%20Senator.xlsx, 
https://elections.wi.gov/files/Ward%20by%20Ward%20Report-Gen%20Election-Assembly.xlsx",False,,True,yes,False,,False,,False,,certified,False,"Post, Davi"
1878,WI,2018-08-14,2018-08-14,primary,False,open,,False,True,True,True,True,True,https://elections.wi.gov/elections-voting/results/2018/partisan-primary,"https://elections.wi.gov/files/Ward%20by%20Ward%20-%20Partisan%20Primary%20-%20Representative%20in%20Congress%208.14.18.xlsx, 
https://elections.wi.gov/files/Ward%20by%20Ward%20-%20Partisan%20Primary%20-%20Representative%20to%20the%20Assembly%208.14.18.xlsx, 
https://elections.wi.gov/files/Ward%20by%20Ward%20-%20Partisan%20Primary%20-%20State%20Senator%208.14.18.xlsx, 
https://elections.wi.gov/files/Ward%20by%20Ward%20-%20Partisan%20Primary%20-%20United%20States%20Senator%208.14.18.xlsx, 
https://elections.wi.gov/files/Ward%20by%20Ward%20-%20Partisan%20Primary%20-%20Governor%208.14.18.xlsx, 
https://elections.wi.gov/files/Ward%20by%20Ward%20-%20Partisan%20Primary%20-%20Lieutenant%20Governor%208.14.18.xlsx, 
https://elections.wi.gov/files/Ward%20by%20Ward%20-%20Partisan%20Primary%20-%20Attorney%20General%208.14.18.xlsx, 
https://elections.wi.gov/files/Ward%20by%20Ward%20-%20Partisan%20Primary%20-%20Secretary%20of%20State%208.14.18.xlsx, 
https://elections.wi.gov/files/Ward%20by%20Ward%20-%20Partisan%20Primary%20-%20State%20Treasurer%208.14.18.xlsx",False,,True,yes,False,,False,,False,,certified,False,"Davies, Nick"
1874,WI,2018-06-12,2018-06-12,general,True,,,False,False,False,False,False,True,http://elections.wi.gov/elections-voting/results/2018/special-election-sd1-ad42,"http://elections.wi.gov/files/Ward%20by%20Ward%20Report-6.12.18%20Special%20Election%20Senate%201.xlsx, 
http://elections.wi.gov/files/Ward%20by%20Ward%20Report-6.12.18%20Special%20Election%20Assembly%2042.xlsx",False,,True,yes,False,,False,,False,,certified,False,"Post, Davi"
1873,WI,2018-05-15,2018-05-15,primary,True,open,,False,False,False,False,False,True,http://elections.wi.gov/elections-voting/results/2018/special-primary-sd1-ad42,"https://elections.wi.gov/files/Ward%20by%20Ward%20Report%20all%20parties%205.15.18%20Special%20Primary%20Assembly%2042.xlsx, 
https://elections.wi.gov/files/Ward%20Report-Special%20Partisan%20Primary-Senate%201-5.15.18%20%28All%20Parties%29.xlsx",False,,True,yes,False,,False,,False,,certified,False,"Post, Davi"
1866,WI,2018-04-03,2018-04-03,general,False,,,False,False,False,False,True,False,http://elections.wi.gov/elections-voting/results/2018/spring-election,"http://elections.wi.gov/files/Ward%20Report-4.3.18%20Spring%20Election-Supreme%20Court.xlsx, 
http://elections.wi.gov/files/Ward%20Report-4.3.18%20Spring%20Election-Appeals.xlsx, 
http://elections.wi.gov/files/Ward%20Report-4%2C.3.18%20Spring%20Election-Circuit%20Court-Includes%20Sauk%203%20Recount.xlsx",False,,True,yes,False,,False,,False,,certified,False,"Davies, Nick"
1864,WI,2018-02-20,2018-02-20,primary,False,other,Non-partisan,False,False,False,False,True,False,http://elections.wi.gov/elections-voting/results/2018/spring-primary,http://elections.wi.gov/files/Ward%20by%20Ward.all%20offices.spring%20primary.2.20.18.xlsx,False,,True,yes,False,,False,,False,,certified,False,"Davies, Nick"
1851,WI,2018-01-16,2018-01-16,general,True,,,False,False,False,False,False,True,http://elections.wi.gov/elections-voting/results/2018/senate-district-10-special-election,"http://elections.wi.gov/files/Ward%20by%20Ward%20Results-Assembly%2058%20Special%20Election.xlsx, 
http://elections.wi.gov/files/Ward%20by%20Ward%20Results-Senate%2010%20Special%20Election.xlsx, 
http://elections.wi.gov/files/Ward%20by%20Ward%20Results-Assembly%2066%20Special%20Election.xlsx",False,,True,yes,False,,False,,False,,certified,False,"Davies, Nick"
1822,WI,2017-12-19,2017-12-19,primary,True,open,,False,False,False,False,False,True,http://elections.wi.gov/elections-voting/results/2018/senate-district-10-special-primary,"http://elections.wi.gov/files/Excel%20Ward%20Results%20Report-Senate%2010%20special%20primary.xlsx, 
http://elections.wi.gov/files/Excel%20Ward%20by%20Ward%20Report-Assembly%2066%20Special%20Primary.xlsx, 
http://elections.wi.gov/files/Excel%20Ward%20by%20Ward%20Report-Assembly%2058%20Special%20Primary.xlsx",False,,True,yes,False,,False,,False,,certified,False,"Davies, Nick"
1761,WI,2017-04-04,2017-04-04,general,False,,,False,False,False,False,True,False,http://elections.wi.gov/elections-voting/results/2017/spring-election,"http://elections.wi.gov/files/2017%20Spring%20Election-State%20Superintendent-Ward%20Report.xlsx, 
http://elections.wi.gov/files/2017%20Spring%20Election-Supreme%20Court-Ward%20Report.xlsx, 
http://elections.wi.gov/files/2017%20Spring%20Election-Court%20of%20Appeals-Ward%20Report.xlsx, 
http://elections.wi.gov/files/2017%20Spring%20Election-Circuit%20Court-Ward%20Report.xlsx",False,,True,yes,False,,False,,True,yes,certified,False,"Davies, Nick"
1755,WI,2017-02-21,2017-02-21,primary,False,other,Non-partisan,False,False,False,False,True,False,http://elections.wi.gov/elections-voting/results/2017/spring-primary,"http://elections.wi.gov/files/2017%20Spring%20Primary%20Results-Superintendent-Ward%20by%20Ward%20Report.xlsx, 
http://elections.wi.gov/files/2017%20Spring%20Primary%20Results-Circuit%20Court-Ward%20by%20Ward%20Report.xlsx",False,,True,yes,False,,False,,True,yes,certified,False,"Davies, Nick"
1748,WI,2016-11-08,2016-11-08,general,False,,,True,True,True,False,False,True,http://elections.wi.gov/elections-voting/results/2016/fall-general,"https://elections.wi.gov/files/Ward%20by%20Ward%20Recount%20%20Canvass%20Results-%20President.xlsx, 
http://elections.wi.gov/files/Ward%20by%20Ward%20Report%20-US%20Senator.xlsx, 
http://elections.wi.gov/files/Ward%20by%20Ward%20Report%20-Congress.xlsx, 
http://elections.wi.gov/files/Ward%20by%20Ward%20Report-State%20Senate.xlsx, 
http://elections.wi.gov/files/Ward%20by%20Ward%20Report-Assembly.xlsx",True,yes,True,yes,False,Unavailable,False,Unavailable,True,yes,certified,True,"Davies, Nick"
1711,WI,2016-08-09,2016-08-09,primary,False,closed,,False,True,True,False,False,True,http://elections.wi.gov/elections-voting/results/2016/partisan-primary,"http://elections.wi.gov/files/Ward%20by%20Ward%20Report%20-%20District%20Attorney.xlsx, 
http://elections.wi.gov/files/Ward%20by%20Ward%20Report-Assembly_0.xlsx, 
http://elections.wi.gov/files/Ward%20by%20Ward%20Report%20-%20State%20Senator.xlsx, 
http://elections.wi.gov/files/Ward%20by%20Ward%20Report%20-%20U.S.%20Congress.xlsx, 
http://elections.wi.gov/files/Ward%20by%20Ward%20Report%20-%20US%20Senate.xlsx",True,yes,True,yes,False,Unavailable,False,Unavailable,True,yes,certified,False,"Davies, Nick"
1865,WI,2016-04-05,2016-04-05,general,False,,,False,False,False,False,True,False,http://elections.wi.gov/elections-voting/results/2016/spring-election-presidential-preference,"http://elections.wi.gov/files/Ward%20by%20Ward%20Report-Court%20of%20Appeals.xlsx, 
http://elections.wi.gov/files/Ward%20by%20Ward%20Report-circuit%20court.xlsx, 
http://elections.wi.gov/files/Supreme%20Court%20Ward%20by%20Ward%20AMENDED%20Report-Brown%20Co.xlsx",False,,True,,False,,False,,False,,certified,False,"Davies, Nick"
1710,WI,2016-04-05,2016-04-05,primary,False,closed,,True,False,False,False,False,False,http://elections.wi.gov/elections-voting/results/2016/spring-election-presidential-preference,http://elections.wi.gov/files/Ward%20by%20Ward%20Report-President.xlsx,True,yes,True,yes,True,yes,False,Unavailable,True,yes,certified,False,"Davies, Nick"
1823,WI,2016-02-16,2016-02-16,primary,False,other,Primary for non-partisan offices; candidates are officially non-partisan,False,False,False,False,True,False,http://elections.wi.gov/elections-voting/results/2016/spring-primary,"http://elections.wi.gov/files/2016%20Spring%20Primary-Supreme%20Court-Ward%20by%20Ward%20Report.xlsx, 
http://elections.wi.gov/files/2016%20Spring%20Primary-Circuit%20Court-Ward%20by%20Ward%20Report.xlsx",False,,True,yes,False,,False,,False,,certified,False,"Davies, Nick"
1658,WI,2015-09-29,2015-09-29,general,True,,,False,False,False,False,False,True,http://elections.wi.gov/elections-voting/results/2015/assembly-district-99-special-election,https://elections.wi.gov/files/Copy%20of%20Ward%20by%20Ward%20Report%20%281%29.xlsx,True,yes,True,yes,False,Unavailable,False,Unavailable,True,yes,certified,False,"Post, Davi"
1659,WI,2015-09-01,2015-09-01,primary,True,closed,,False,False,False,False,False,True,http://www.elections.wi.gov/elections-voting/results/2015/assembly-district-99-special-primary,https://elections.wi.gov/files/Copy%20of%20Ward%20by%20Ward%20Report.xlsx,True,yes,True,yes,False,Unavailable,False,Unavailable,True,yes,certified,False,"Post, Davi"
1660,WI,2015-07-21,2015-07-21,general,True,,,False,False,False,False,False,True,https://elections.wi.gov/elections-voting/results/2015/senate-district-33-special-election,https://elections.wi.gov/files/Ward%20by%20Ward%20Report_0.xlsx,False,yes,False,yes,False,Unavailable,False,Unavailable,False,yes,certified,False,
1661,WI,2015-06-23,2015-06-23,primary,True,closed,,False,False,False,False,False,True,https://elections.wi.gov/elections-voting/results/2015/senate-district-33-special-election-primary,https://elections.wi.gov/files/Ward%20by%20Ward%20Report.xlsx,True,yes,True,yes,False,Unavailable,False,Unavailable,True,yes,certified,False,
1576,WI,2015-04-07,2015-04-07,general,True,,,False,False,False,False,False,True,https://elections.wi.gov/elections-voting/results/2015/special/senate-20,https://elections.wi.gov/files/Ward%20Results%20Report-4.7.15-Special%20Election%20Senate%2020.xlsx,True,yes,True,yes,False,Unavailable,False,Unavailable,True,yes,certified,True,
1824,WI,2015-04-07,2015-04-07,general,False,,,False,False,False,False,True,False,http://elections.wi.gov/elections-voting/results/2015/spring-election,http://elections.wi.gov/files/Ward%20Results%204.7.15%20Spring%20Election.xlsx,False,,True,yes,False,,False,,False,,certified,False,"Davies, Nick"
1573,WI,2015-02-17,2015-02-17,primary,True,closed,,False,False,False,False,False,True,https://elections.wi.gov/elections-voting/results/2015/spring-primary,https://elections.wi.gov/files/Spring%20Primary%202.17.15%20Results%20by%20Ward%20Report.xlsx,True,yes,True,yes,False,Unavailable,False,Unavailable,True,yes,certified,False,"Willis, Derek"
1574,WI,2014-11-04,2014-11-04,general,False,,,False,False,True,True,True,True,https://elections.wi.gov/elections-voting/results/2014/fall-general,https://elections.wi.gov/files/11.4.2014%20Election%20Results%20-%20all%20offices%20w%20x%20w%20report.xlsx,True,yes,True,yes,False,unknown,False,unknown,True,yes,certified,True,
1575,WI,2014-08-12,2014-08-12,primary,False,closed,,False,False,True,True,True,True,https://elections.wi.gov/elections-voting/results/2014/partisan-primary,"https://elections.wi.gov/files/Statewide%20Offices%20-%20Ward%20by%20Ward%20Results%20%288.12.14%29.xls, 
https://elections.wi.gov/files/Representative%20in%20Congress%20-%20Ward%20by%20Ward%20Results%20%288.12.14%29.xls, 
https://elections.wi.gov/files/State%20Senator%20-%20Ward%20by%20Ward%20Results%20%288.12.14%29.xls, 
https://elections.wi.gov/files/Representative%20to%20the%20Assembly%20-%20Ward%20by%20Ward%20Results%20%288.12.14%29.xls",True,yes,True,yes,False,Unavailable,False,Unavailable,True,yes,certified,True,
1825,WI,2014-04-01,2014-04-01,general,False,,,False,False,False,False,True,False,http://elections.wi.gov/elections-voting/results/2014/spring-election,"http://elections.wi.gov/files/Results%20by%20Ward%20Report.%204-1-14%20Spring%20Election-Appeals.xls, 
http://elections.wi.gov/files/Results%20by%20Ward%20Report.4.1.14%20Spring%20Election%20-%20Circuit%20Court.xls",False,,True,yes,False,,False,,False,,certified,False,"Davies, Nick"
1826,WI,2014-02-18,2014-02-18,primary,False,other,Non-partisan primary,False,False,False,False,True,False,http://elections.wi.gov/elections-voting/results/2014/spring-primary,http://elections.wi.gov/files/Results%20Report%20by%20Ward-Spring%20Primary%202014.xls,False,,True,yes,False,,False,,False,,certified,False,"Davies, Nick"
1538,WI,2013-12-17,2013-12-17,general,True,,,False,False,False,False,False,True,https://elections.wi.gov/elections-voting/results/2013/special/assembly-82,https://elections.wi.gov/files/Ward%20Results%2012.17.13%20Special%20Election.Assembly%20Dist.%2082.xls,False,yes,True,yes,False,Unavailable,False,Unavailable,True,yes,certified,False,
1827,WI,2013-11-19,2013-11-19,general,True,,,False,False,False,False,False,True,http://elections.wi.gov/elections-voting/results/2013/special/assembly-21-69-election,"http://elections.wi.gov/files/Ward%20Results-11.19.13%20Special%20Election-Assm%2069.xls, 
http://elections.wi.gov/files/Ward%20Results-11.19.13%20Election-Assm%2021.xls",False,,True,yes,False,,False,,False,,certified,False,"Davies, Nick"
1539,WI,2013-11-19,2013-11-19,primary,True,closed,,False,False,False,False,False,True,https://elections.wi.gov/elections-voting/results/2013/special/assembly-82-primary,https://elections.wi.gov/files/Ward%20Results-11.19.13%20Primary-Assm%2082.xls,False,yes,True,yes,False,Unavailable,False,Unavailable,True,yes,certified,False,"Davies, Nick"
1828,WI,2013-10-22,2013-10-22,primary,True,open,,False,False,False,False,False,True,http://elections.wi.gov/elections-voting/results/2013/special/assembly-21-69-primary,"http://elections.wi.gov/files/Ward%20by%20Ward%20Results-10.22.13%20Assm%2021%20special%20primary.xls, 
http://elections.wi.gov/files/Ward%20by%20Ward%20Results-10.22.13%20Assm%2069%20special%20primary.xls",False,,True,yes,False,,False,,False,,certified,False,"Davies, Nick"
404,WI,2013-04-02,2013-04-02,general,False,,,False,False,False,False,True,False,http://elections.wi.gov/elections-voting/results/2013/spring-election,"http://elections.wi.gov/files/Ward%20Results_4.2.13%20Spring%20Election_Circuit%20Court%20Judge.xls, 
http://elections.wi.gov/files/Ward%20Results_4.2.13%20Spring%20Election_Court%20of%20Appeals.xls, 
http://elections.wi.gov/files/Ward%20Results_4.2.13%20Spring%20Election_Supreme%20Court%20Justice.xls, 
http://elections.wi.gov/files/Ward%20Results_4.2.13%20Spring%20Election_Supt%20Public%20Inst.xls",True,,True,,False,,False,,False,,certified,False,"Post, Davi"
405,WI,2013-04-02,2013-04-02,general,True,,,False,False,False,False,False,True,https://elections.wi.gov/elections-voting/results/2013/special/assembly-98-election,https://elections.wi.gov/files/result/ward_by_ward_report_4_2_2013_assembly_98_xls_51899.xls,True,,True,,False,,False,,False,,certified,True,"Vestal, Alan James"
1829,WI,2013-02-19,2013-02-19,primary,False,other,Nonpartisan primary,False,False,False,False,True,False,http://elections.wi.gov/elections-voting/results/2013/spring-primary,"http://elections.wi.gov/files/result/2_19_13_supreme_court_results_by_ward_xls_44139.xls, 
http://elections.wi.gov/files/result/2_19_13_circuit_court_primary_results_by_ward_xls_17455.xls",False,,True,yes,False,,False,,False,,certified,False,"Davies, Nick"
407,WI,2013-02-19,2013-02-19,primary,True,closed,,False,False,False,False,False,True,https://elections.wi.gov/elections-voting/results/2013/special/assembly-98-primary,https://elections.wi.gov/files/result/special_primary_assembly_98_results_by_ward_xls_13754.xls,True,,True,,False,,False,,False,,certified,True,"Vestal, Alan James"
408,WI,2012-12-04,2012-12-04,general,True,,,False,False,False,False,False,True,https://elections.wi.gov/elections-voting/results/2012/senate-district-33-special-election,https://elections.wi.gov/files/ward%20results%20report_12.4.12%20sen%2033%20special%20election.xls,True,,True,,False,,True,,True,,certified,True,"Vestal, Alan James"
409,WI,2012-11-06,2012-11-06,general,False,,,True,True,True,False,False,True,http://elections.wi.gov/elections-voting/results/2012/fall-general,http://elections.wi.gov/files/Ward%20by%20Ward%20Report_1.xlsx,False,,True,,False,,False,,False,,certified,True,"Davies, Nick"
410,WI,2012-11-06,2012-11-06,primary,True,closed,,False,False,False,False,False,True,https://elections.wi.gov/elections-voting/results/2012/senate-district-33-special-election-primary,http://elections.wi.gov/files/Ward%20Results-11.6.12-Sen%2033%20Spec%20Pri.xls,True,,True,,False,,True,,True,,certified,True,"Davies, Nick"
411,WI,2012-08-14,2012-08-14,primary,False,closed,,False,True,True,False,False,True,https://elections.wi.gov/elections-voting/results/2012/partisan-primary,"https://elections.wi.gov/files/Ward%20x%20Ward%20Results_8.14.12%20primary_Assembly.xls, 
http://elections.wi.gov/files/2012%20Partisan%20Primary%20District%20Attorney.xlsx, 
https://elections.wi.gov/files/Ward%20x%20Ward%20Results_8.14.12%20primary_State%20Senate.xls, 
https://elections.wi.gov/files/Ward%20x%20Ward%20Results_8.14.12%20primary_U.S.%20Congress.xls, 
https://elections.wi.gov/files/Ward%20x%20Ward%20Results_8.14.12%20primary_U.S.%20Senate.xls",False,,True,,False,,False,,False,,certified,True,"Davies, Nick"
1662,WI,2012-06-05,2012-06-05,general-recall,False,,,False,False,False,True,True,True,https://elections.wi.gov/elections-voting/results/2012/recall-election,https://elections.wi.gov/files/Ward%20Results_6.5.12%20Recall%20Election_all%20offices_post%20sen%2021%20recount.xls,True,yes,True,yes,False,Unavailable,True,yes,True,yes,certified,False,"Davies, Nick"
1830,WI,2012-05-08,2012-05-08,primary-recall,False,open,,False,False,False,True,True,False,http://elections.wi.gov/elections-voting/results/2012/recall-primary,http://elections.wi.gov/files/Recall%20Primary%20Ward%20by%20Ward%20Report%20%285.18.12%29.xls,False,,True,yes,False,,False,,False,,certified,False,"Davies, Nick"
413,WI,2012-04-03,2012-04-03,primary,False,closed,,True,False,False,False,False,False,https://elections.wi.gov/elections-voting/results/2012/spring-election-presidential-preference,https://elections.wi.gov/files/Results%20by%20Ward_Spring%20Election%20and%20Pres%20Pref%20vote_4.3.12.xls,True,yes,True,yes,False,Unavailable,True,yes,True,yes,certified,True,"Vestal, Alan James"
1831,WI,2012-02-21,2012-02-21,primary,False,other,Non partisan primary,False,False,False,False,True,False,http://elections.wi.gov/elections-voting/results/2012/spring/primary,http://elections.wi.gov/files/WxW%202.21.12%20Primary.xls,False,,True,yes,False,,False,,False,,certified,False,"Davies, Nick"
415,WI,2011-11-08,2011-11-08,general,True,,,False,False,False,False,False,True,https://elections.wi.gov/elections-voting/results/2011/special/ad-95-election,https://elections.wi.gov/files/Ward%20Results.xls,True,,True,,False,,False,,False,,certified,True,"Davies, Nick"
416,WI,2011-10-11,2011-10-11,primary,True,closed,,False,False,False,False,False,True,https://elections.wi.gov/elections-voting/results/2011/special/ad-95-primary,https://elections.wi.gov/files/Ward%20results.95th%20Assm%20Special%20Primary.xls,True,,True,,False,,False,,False,,certified,True,"Vestal, Alan James"
1832,WI,2011-08-16,2011-08-16,general-recall,False,,,False,False,False,False,False,True,http://elections.wi.gov/elections-voting/results/2011/August-16,"http://elections.wi.gov/files/Ward%20results_recall%20election_Senate%2012.xls, 
http://elections.wi.gov/files/Ward%20results_recall%20election_Senate%2022.xls",False,,True,yes,False,,False,,False,,certified,False,"Davies, Nick"
1833,WI,2011-08-09,2011-08-09,general,True,,,False,False,False,False,False,True,http://elections.wi.gov/elections-voting/results/2011/special-AD48-election,http://elections.wi.gov/files/Ward%20Results_Special%20Election_Assembly%2048.xls,False,,True,yes,False,,False,,False,,certified,False,"Davies, Nick"
1834,WI,2011-08-09,2011-08-09,general-recall,False,,,False,False,False,False,False,True,http://elections.wi.gov/elections-voting/results/2011/august-9-recall,"http://elections.wi.gov/files/Ward%20Results_Recall%20Election_Senate%202.xls, 
http://elections.wi.gov/files/Ward%20Results_Recall%20Election_Senate%208.xls, 
http://elections.wi.gov/files/Ward%20Results_Recall%20Election_Senate%2010.xls, 
http://elections.wi.gov/files/Ward%20Results_Recall%20Election_Senate%2014.xls, 
http://elections.wi.gov/files/Ward%20Results_Recall%20Election_Senate%2018.xls, 
http://elections.wi.gov/files/Ward%20Results_Recall%20Election_Senate%2032.xls",False,,True,yes,False,,False,,False,,certified,False,"Davies, Nick"
1835,WI,2011-07-19,2011-07-19,general-recall,False,,,False,False,False,False,False,True,http://elections.wi.gov/elections-voting/results/2011/recall-SD-30,http://elections.wi.gov/files/Ward%20Results_7.19.11%20Recall%20Election_Senate%2030_0.xls,False,,True,yes,False,,False,,False,,certified,False,"Davies, Nick"
1836,WI,2011-07-19,2011-07-19,primary-recall,False,open,,False,False,False,False,False,True,http://elections.wi.gov/elections-voting/results/2011/July-19-primary,"http://elections.wi.gov/files/Ward%20Results_7.19.11_Recall%20Primary_Senate%2012.xls, 
http://elections.wi.gov/files/Ward%20Results_7.19.11%20Recall%20Primary_Senate%2022.xls",False,,True,yes,False,,False,,False,,certified,False,"Davies, Nick"
1837,WI,2011-07-12,2011-07-12,primary,True,open,,False,False,False,False,False,True,http://elections.wi.gov/elections-voting/results/2011/special-AD48-primary,http://elections.wi.gov/files/Ward%20Results%20Assm%2048%20Special%20Primary.xls,False,,True,yes,False,,False,,False,,certified,False,"Davies, Nick"
1838,WI,2011-07-12,2011-07-12,primary-recall,False,open,,False,False,False,False,False,True,http://elections.wi.gov/elections-voting/results/2011/July-12-primary,"http://elections.wi.gov/files/Ward%20Results%20Senate%202%20Recall%20primary_0.xls, 
http://elections.wi.gov/files/Ward%20Results%20Senate%208%20Recall%20Primary.xls, 
http://elections.wi.gov/files/Ward%20Results%20Senate%2010%20Recall%20Primary.xls, 
http://elections.wi.gov/files/Ward%20Results%20Senate%2014%20Recall%20Primary.xls, 
http://elections.wi.gov/files/Ward%20Results%20Senate%2018%20Recall%20Primary.xls, 
http://elections.wi.gov/files/Ward%20Results%20Senate%2032%20Recall%20Primary.xls",False,,True,yes,False,,False,,False,,certified,False,"Davies, Nick"
419,WI,2011-05-03,2011-05-03,general,True,,,False,False,False,False,False,True,https://elections.wi.gov/elections-voting/results/2011/spring-special,https://elections.wi.gov/files/Ward%20results%205-3-11%20Special%20Election.xls,True,,True,,False,,False,,False,,certified,True,"Vestal, Alan James"
421,WI,2011-04-05,2011-04-05,general,False,,,False,False,False,False,True,False,http://elections.wi.gov/elections-voting/results/2011/spring,"http://elections.wi.gov/files/Ward%20results_4.5.11_appeals.xls, 
http://elections.wi.gov/files/Ward%20results_4.5.11_circuit_Sheboygan%203%20recount%20pending.xls, 
https://elections.wi.gov/files/WARD_BY_WARD_FOR_SPRING_2011_ELECTION_AND_RECOUNT.xls",True,,True,,False,,False,,False,,certified,True,"Davies, Nick"
422,WI,2011-04-05,2011-04-05,primary,True,closed,,False,False,False,False,False,True,https://elections.wi.gov/elections-voting/results/2011/spring-special-primary,http://elections.wi.gov/files/page/wxw_assm_60_94_pdf_16250.pdf,True,,True,,False,,False,,False,,certified,True,"Davies, Nick"
1850,WI,2011-02-15,2011-02-15,primary,False,other,Nonpartisan,False,False,False,False,True,False,http://elections.wi.gov/elections-voting/results/2011/spring-primary,http://elections.wi.gov/files/2011%20Spring%20Primary%20Ward-by-Ward%202.15.11%20excel.xls,False,,True,yes,False,,False,,False,,certified,False,"Davies, Nick"
424,WI,2010-11-02,2010-11-02,general,False,,,False,True,True,True,True,True,https://elections.wi.gov/elections-voting/results/2010/fall-general,https://elections.wi.gov/files/2010%20Fall%20General%20-%20All%20Races%20-%20Ward-by-Ward.xls,True,,True,,False,,False,,False,,certified,True,"Davies, Nick"
425,WI,2010-09-14,2010-09-14,primary,False,closed,,False,True,True,True,True,True,https://elections.wi.gov/elections-voting/results/2010/fall-primary,http://elections.wi.gov/files/Primary%20wxw%20results.xls,True,,True,,False,,False,,False,,certified,True,"Davies, Nick"
426,WI,2010-04-06,2010-04-06,general,False,,,False,False,False,False,True,False,http://elections.wi.gov/elections-voting/results/2010/spring-election,"https://elections.wi.gov/files/04_06_10%20APPEALS_T.xls, 
https://elections.wi.gov/files/04_06_10%20CIRCUIT_T.xls",True,,True,,False,,False,,False,,certified,False,"Davies, Nick"
427,WI,2010-02-16,2010-02-16,primary,False,closed,,False,False,False,False,False,False,http://elections.wi.gov/elections-voting/results/2010/spring-primary,"https://elections.wi.gov/files/2010_SpringElection_Primary_CtofAppeals-4_WardbyWard.xls, 
https://elections.wi.gov/files/2010_SpringElection_Primary_CircuitCt_WardbyWard.xls",True,,True,,False,,False,,False,,certified,True,"Davies, Nick"
428,WI,2009-04-07,2009-04-07,general,False,,,False,False,False,False,True,False,http://elections.wi.gov/elections-voting/results/2009/spring-election,"https://elections.wi.gov/files/2009_SpringElection_CtofAppeals-1_WardbyWard.xls, 
https://elections.wi.gov/files/2009_SpringElection_Sup.ofPI_WardbyWard.xls, 
https://elections.wi.gov/files/2009_SpringElection_SupCt_WardbyWard.xls, 
https://elections.wi.gov/files/2009_SpringElection_CircuitCt_WardbyWard.xls",True,,True,,False,,False,,False,,certified,True,"Davies, Nick"
429,WI,2009-02-17,2009-02-17,primary,False,closed,,False,False,False,False,True,False,http://elections.wi.gov/elections-voting/results/2009/spring-primary,"https://elections.wi.gov/files/2009_SpringElection_Primary_CircuitCt_WardbyWard.xls, 
https://elections.wi.gov/files/2009_SpringElection_Primary_Sup.ofPI_WardbyWard.xls",True,,True,,False,,False,,False,,certified,True,"Davies, Nick"
430,WI,2008-11-04,2008-11-04,general,False,,,True,False,True,False,False,True,https://elections.wi.gov/elections-voting/results/2008/fall-general,"https://elections.wi.gov/files/2008_FallElection_DistrictAttorney_WardbyWard_0.xls, 
https://elections.wi.gov/files/2008_FallElection_President_WardbyWard.xls, 
https://elections.wi.gov/files/2008_FallElection_StateAssembly_WardbyWard.xls, 
https://elections.wi.gov/files/2008_FallElection_StateSenator_WardbyWard.xls, 
https://elections.wi.gov/files/2008_FallElection_USCongress_WardbyWard.xls",True,,True,,False,,False,,False,,certified,True,"Davies, Nick"
431,WI,2008-09-09,2008-09-09,primary,False,closed,,False,False,True,False,False,True,https://elections.wi.gov/elections-voting/results/2008/partisan-primary,"https://elections.wi.gov/files/Democratic_2008_FallElection_StateSenator_WardbyWard.xls, 
https://elections.wi.gov/files/Democratic_2008_FallElection_USCongress_WardbyWard.xls, 
https://elections.wi.gov/files/Independent_2008_FallElection_StateSenator_WardbyWard.xls, 
https://elections.wi.gov/files/Libertarian_2008_FallElection_StateSenator_WardbyWard.xls, 
https://elections.wi.gov/files/Libertarian_2008_FallElection_USCongress_WardbyWard.xls, 
https://elections.wi.gov/files/Republican_2008_FallElection_StateSenator_WardbyWard.xls, 
https://elections.wi.gov/files/Republican_2008_FallElection_USCongress_WardbyWard.xls, 
https://elections.wi.gov/files/WisconsinGreen_2008_FallElection_StateSenator_WardbyWard.xls, 
https://elections.wi.gov/files/WisconsinGreen_2008_FallElection_USCongress_WardbyWard.xls, 
https://elections.wi.gov/files/WisconsinGreen_2008_FallElection_StateAssembly_WardbyWard.xls",True,,True,,False,,False,,False,,certified,True,"Davies, Nick"
432,WI,2008-04-01,2008-04-01,general,False,,,False,False,False,False,True,False,https://elections.wi.gov/elections-voting/results/2008/spring-election,"https://elections.wi.gov/files/2008_SpringElection_CircuitCt_WardbyWard.xls, 
https://elections.wi.gov/files/2008_SpringElection_CtofAppeals_WardbyWard.xls, 
https://elections.wi.gov/files/2008_SpringElection_SupCt_WardbyWard.xls",True,,True,,False,,False,,False,,certified,True,"Post, Davi"
433,WI,2008-02-19,2008-02-19,primary,False,closed,,True,False,False,False,False,False,http://elections.wi.gov/elections-voting/results/2008/spring-primary-presidential-preference,"https://elections.wi.gov/files/2008_SpringElection_Results_WardbyWard.xls, 
http://elections.wi.gov/files/2008_SpringElection_PresidentialPreference_Results.xls",True,,True,,False,,False,,False,,certified,True,"Davies, Nick"
434,WI,2007-04-03,2007-04-03,general,False,,,False,False,False,False,True,False,https://elections.wi.gov/elections-voting/results/2007/spring-election,"https://elections.wi.gov/files/2007_SpringElection_SupCt_WardbyWard.xls, 
https://elections.wi.gov/files/2007_SpringElection_CtofAppeals_WardbyWard.xls, 
https://elections.wi.gov/files/2007_SpringElection_CircuitCt_WardbyWard.xls",True,,True,,False,,False,,False,,certified,True,"Paulson, Eric"
435,WI,2007-02-20,2007-02-20,primary,False,closed,,False,False,False,False,False,False,https://elections.wi.gov/elections-voting/results/2007/spring-primary,"https://elections.wi.gov/files/2007_SpringElection_Primary_Sup.Ct_WardbyWard.xls, 
https://elections.wi.gov/files/2007_SpringElection_Primary_CircuitCt_WardbyWard.xls",True,,True,,False,,False,,False,,certified,True,"Vestal, Alan James"
436,WI,2006-11-07,2006-11-07,general,False,,,False,True,True,True,True,True,https://elections.wi.gov/elections-voting/results/2006/fall-general,"https://elections.wi.gov/files/2006_FallElection_AttorneyGeneral_WardbyWard.xls, 
https://elections.wi.gov/files/2006_FallElection_DistrictAttorney_WardbyWard.xls, 
https://elections.wi.gov/files/2006_FallElection_Governor_WardbyWard.xls, 
https://elections.wi.gov/files/2006_FallElection_Recount_WardbyWard.xls, 
https://elections.wi.gov/files/2006_FallElection_SecretaryofState_WardbyWard.xls, 
https://elections.wi.gov/files/2006_FallElection_StateTreasurer_WardbyWard.xls, 
https://elections.wi.gov/files/2006_FallElection_StateSenator_WardbyWard.xls, 
https://elections.wi.gov/files/2006_FallElection_USSenate_WardbyWard.xls, 
https://elections.wi.gov/files/2006_FallElection_USCongress_WardbyWard.xls",True,,True,,False,,False,,False,,certified,True,"Davies, Nick"
437,WI,2006-09-12,2006-09-12,primary,False,closed,,False,True,True,True,True,True,https://elections.wi.gov/elections-voting/results/2006/fall-partisan-primary,"https://elections.wi.gov/files/Constitution_2006_FallElection_Primary_Returns.zip, 
https://elections.wi.gov/files/Democratic_2006_FallElection_Primary_Returns_All.zip, 
https://elections.wi.gov/files/Independent_2006_FallElection_Primary_Returns_All.zip, 
https://elections.wi.gov/files/Libertarian_2006_FallElection_Primary_Returns_All.zip, 
https://elections.wi.gov/files/Republican_2006_FallElection_Primary_Returns_All.zip, 
https://elections.wi.gov/files/WisconsinGreen_2006_FallElection_Primary_Returns_All.zip",True,,True,,False,,False,,False,,certified,True,"Vestal, Alan James"
438,WI,2006-04-04,2006-04-04,general,False,,,False,False,False,False,True,False,https://elections.wi.gov/elections-voting/results/2006/spring-election,"https://elections.wi.gov/files/2006_SpringElection_SupCt_WardbyWard.xls, 
https://elections.wi.gov/files/2006_SpringElection_CtofAppeals_WardbyWard.xls, 
https://elections.wi.gov/files/2006_SpringElection_CircuitCt_WardbyWard.xls",True,,True,,False,,False,,False,,certified,True,"Paulson, Eric"
439,WI,2006-02-21,2006-02-21,primary,False,closed,,False,False,False,False,False,False,http://elections.wi.gov/elections-voting/results/2006/spring-primary,http://elections.wi.gov/files/2006_SpringElection_Primary_CircuitCt_WardbyWard.xls,True,,True,,False,,False,,False,,certified,True,"Davies, Nick"
440,WI,2006-01-10,2006-01-10,general,True,,,False,False,False,False,False,True,http://elections.wi.gov/elections-voting/results/2006/assembly-district-33-special-election,https://elections.wi.gov/files/2006_SpecialElection_AD33_Results_WardbyWard.xls,True,,True,,False,,False,,False,,certified,True,"Davies, Nick"
441,WI,2005-12-13,2005-12-13,primary,True,closed,,False,False,False,False,False,True,https://elections.wi.gov/elections-voting/results/2006/assembly-district-33-special-primary,https://elections.wi.gov/files/2006_SpecialElection_AD33_Primary_Results_Summary.xls,True,,True,,False,,False,,False,,certified,True,"Davies, Nick"
442,WI,2005-04-05,2005-04-05,general,False,,,False,False,False,False,True,False,https://elections.wi.gov/elections-voting/results/2005/spring-election,"https://elections.wi.gov/files/2005_SpringElection_Sup.ofPI_WardbyWard.xls, 
https://elections.wi.gov/files/2005_SpringElection_SupCt_WardbyWard.xls, 
https://elections.wi.gov/files/2005_SpringElection_CtofAppeals_WardbyWard.xls, 
https://elections.wi.gov/files/2005_SpringElection_CircuitCt_WardbyWard.xls",True,,True,,False,,False,,False,,certified,True,"Vestal, Alan James"
443,WI,2005-02-15,2005-02-15,primary,False,closed,,False,False,False,False,True,False,https://elections.wi.gov/elections-voting/results/2005/spring-primary,"https://elections.wi.gov/files/2005_SpringElection_Primary_Sup.ofPI-CircuitCt_WardbyWard.pdf, 
https://elections.wi.gov/files/2005_SpringElection_Primary_CircuitCt_WardbyWard.pdf",True,,True,,False,,False,,False,,certified,True,"Post, Davi"
444,WI,2004-11-02,2004-11-02,general,False,,,True,True,True,False,False,True,https://elections.wi.gov/elections-voting/results/2004/fall-general,"https://elections.wi.gov/files/2004_FallElection_President_WardbyWard.xls, 
https://elections.wi.gov/files/2004_FallElection_USSenate_WardbyWard.xls, 
https://elections.wi.gov/files/2004_FallElection_USCongress_WardbyWard.pdf, 
https://elections.wi.gov/files/2004_FallElection_StateSenator_WardbyWard.pdf, 
https://elections.wi.gov/files/2004_FallElection_StateAssembly_WardbyWard.pdf, 
https://elections.wi.gov/files/2004_FallElection_DistrictAttorney_WardbyWard.pdf",True,,True,,False,,False,,False,,certified,True,"Vestal, Alan James"
445,WI,2004-09-14,2004-09-14,primary,False,closed,,False,True,True,False,False,True,https://elections.wi.gov/elections-voting/results/2004/fall-partisan-primary,"http://elections.wi.gov/files/WxW%20Fall%20Pri04_dem%20assm36%20recount.pdf, 
http://elections.wi.gov/files/WxW%20fall%20primary%2004con.pdf, 
http://elections.wi.gov/files/WxW%20fall%20primary%2004dem.pdf, 
http://elections.wi.gov/files/WxW%20fall%20primary%2004ind.pdf, 
http://elections.wi.gov/files/WxW%20Fall%20primary%2004lib.pdf, 
http://elections.wi.gov/files/WxW%20fall%20primary%2004rep.pdf, 
http://elections.wi.gov/files/WxW%20fall%20primary%2004wgr.pdf",True,,True,,False,,False,,False,,certified,True,"Davies, Nick"
446,WI,2004-04-06,2004-04-06,general,False,,,False,False,False,False,True,False,https://elections.wi.gov/elections-voting/results/2004/spring-election,https://elections.wi.gov/files/wxw%204_06_04.pdf,True,,True,,False,,False,,False,,certified,True,"Paulson, Eric"
447,WI,2004-02-17,2004-02-17,primary,False,closed,,True,False,False,False,False,False,https://elections.wi.gov/elections-voting/results/2004/spring-primary,https://elections.wi.gov/files/wxw_spr04_jud_pri.pdf,True,,True,,False,,False,,False,,certified,True,"Post, Davi"
448,WI,2004-01-27,2004-01-27,general,True,,,False,False,False,False,False,True,http://elections.state.wi.us/subcategory.asp?linksubcatid=393&linkcatid=491&linkid=155&locid=47,,True,,True,,False,,False,,False,,certified,True,"Davies, Nick"
664,WI,2003-11-18,2003-11-18,general-recall,False,,,False,False,False,False,False,True,http://elections.state.wi.us/subcategory.asp?linksubcatid=394&linkcatid=490&linkid=155&locid=47,,True,,False,,False,,False,,False,,certified,False,"Davies, Nick"
674,WI,2003-10-21,2003-10-21,primary-recall,False,open,,False,False,False,False,False,True,http://elections.state.wi.us/subcategory.asp?linksubcatid=394&linkcatid=490&linkid=155&locid=47,,True,,True,,False,,False,,False,,certified,False,"Paulson, Eric"
685,WI,2003-07-22,2003-07-22,general,True,,,False,False,False,False,False,True,http://elections.wi.gov/elections-voting/results/2003/assembly-districts-21-and-71-special-election,http://elections.wi.gov/files/elecSpec03_assm21%2671_wbw.pdf,True,,True,,False,,False,,False,,certified,False,"Davies, Nick"
689,WI,2003-06-24,2003-06-24,primary,True,open,,False,False,False,False,False,True,http://elections.state.wi.us/subcategory.asp?linksubcatid=395&linkcatid=490&linkid=155&locid=47,,True,,True,,False,,False,,False,,certified,False,"Paulson, Eric"
1756,WI,2003-04-29,2003-04-29,general,True,,,False,False,False,False,False,True,http://elections.wi.gov/elections-voting/results/2003/senate-districts-7and-24-and-assembly-district-18-special-election,"http://elections.wi.gov/files/elecSpec03_wbw_assm18.pdf, 
http://elections.wi.gov/files/elecSpec03_wbw_sen7%2624.pdf",False,,True,yes,False,,False,,True,yes,certified,False,"Davies, Nick"
1839,WI,2003-04-01,2003-04-01,general,False,,,False,False,False,False,True,False,http://elections.wi.gov/elections-voting/results/2003/spring-election,"http://elections.wi.gov/files/elec03_wbw_supreme.pdf, 
http://elections.wi.gov/files/elec03_wbw_appeals.pdf, 
http://elections.wi.gov/files/elec03_wbw_circuit.pdf",False,,True,yes,False,,False,,False,,certified,False,"Davies, Nick"
1840,WI,2003-02-18,2003-02-18,primary,False,other,Nonpartisan primary,False,False,False,False,True,False,http://elections.wi.gov/elections-voting/results/2003/spring-primary,http://elections.wi.gov/files/primSpr03_wbw_supreme_old2.pdf,False,,True,yes,False,,False,,False,,certified,False,"Davies, Nick"
1577,WI,2002-11-05,2002-11-05,general,False,,,False,False,True,True,True,True,http://elections.wi.gov/elections-voting/results/2002/fall-general,"http://elections.wi.gov/files/11_05_02%20GOV.xls, 
http://elections.wi.gov/files/11_05_02AG.xls, 
http://elections.wi.gov/files/11_05_02SEC.xls, 
http://elections.wi.gov/files/11_05_02TREAS.xls, 
http://elections.wi.gov/files/11_05_02USCONG.xls, 
http://elections.wi.gov/files/11_05_02SEN.xls, 
http://elections.wi.gov/files/11_05_02ASSM.xls, 
http://elections.wi.gov/files/11_05_02DISTRICT.xls",True,yes,True,yes,False,Unavailable,False,Unavailable,True,yes,certified,False,"Post, Davi"
1578,WI,2002-09-10,2002-09-10,primary,False,closed,,False,False,True,True,True,True,http://elections.wi.gov/elections-voting/results/2002/fall-partisan-primary,"http://elections.wi.gov/files/020910_GOV.xls, 
http://elections.wi.gov/files/020910_LTGOV.xls, 
https://elections.wi.gov/files/020910_AG.xls, 
https://elections.wi.gov/files/020910_SEC.xls, 
https://elections.wi.gov/files/020910_TREAS.xls, 
https://elections.wi.gov/files/020910_USCONG.xls, 
https://elections.wi.gov/files/020910_SEN.xls, 
https://elections.wi.gov/files/020910_ASSM.xls",True,yes,True,yes,False,Unavailable,False,Unavailable,True,yes,certified,False,"Post, Davi"
1841,WI,2002-04-02,2002-04-02,general,False,,,False,False,False,False,True,False,http://elections.wi.gov/elections-voting/results/2002/spring-election,"http://elections.wi.gov/files/elec02_wbw_appeals.pdf, 
http://elections.wi.gov/files/elec02_wbw_circuit.pdf",False,,True,yes,False,,False,,False,,certified,False,"Davies, Nick"
1842,WI,2002-02-19,2002-02-19,primary,False,other,Nonpartisan,False,False,False,False,True,False,http://elections.wi.gov/elections-voting/results/2002/spring-primary,http://elections.wi.gov/files/prim02_wbw_circuit.pdf,False,,True,yes,False,,False,,False,,certified,False,"Davies, Nick"
1843,WI,2001-04-03,2001-04-03,general,False,,,False,False,False,False,True,False,http://elections.wi.gov/elections-voting/results/2001/spring-election,"http://elections.wi.gov/files/2001_SpringElection_SupremeCourt_WardbyWard.pdf, 
http://elections.wi.gov/files/2001_SpringElection_PublicInstruction_WardbyWard.pdf, 
http://elections.wi.gov/files/2001_SpringElection_CourtofAppeals_WardbyWard.pdf, 
http://elections.wi.gov/files/2001_SpringElection_CircuitCourt_WardbyWard.pdf",False,,True,yes,False,,False,,False,,certified,False,"Davies, Nick"
1844,WI,2001-02-20,2001-02-20,primary,False,other,Nonpartisan,False,False,False,False,True,False,http://elections.wi.gov/elections-voting/results/2001/spring-primary,"http://elections.wi.gov/files/2001_SpringPrimary_S.CroixCircuit_WardbyWard.pdf, 
http://elections.wi.gov/files/prim01_wbw_supt-pi.pdf",False,,True,yes,False,,False,,False,,certified,False,"Davies, Nick"
1845,WI,2000-11-07,2000-11-07,general,False,,,True,True,True,False,True,True,http://elections.wi.gov/elections-voting/results/2000/fall-general,"http://elections.wi.gov/files/001107_ASSM_RECOUNT.xls, 
http://elections.wi.gov/files/001107_DIST_SORT.xls, 
http://elections.wi.gov/files/001107_SEN_SORT.xls, 
http://elections.wi.gov/files/001107_US_SEN_SORT.xls, 
http://elections.wi.gov/files/001107_US_CONG_SORT.xls, 
http://elections.wi.gov/files/001107_PRES_SORT.xls",False,,True,yes,False,,False,,False,,certified,False,"Davies, Nick"
1846,WI,2000-09-12,2000-09-12,primary,False,open,,False,True,True,False,True,True,http://elections.wi.gov/elections-voting/results/2000/fall-partisan-primary,"http://elections.wi.gov/files/2000_Democrat_US_Senate_WardbyWard_Returns.pdf, 
http://elections.wi.gov/files/2000_Democrat_US_Congress_WardbyWard_Returns.pdf, 
http://elections.wi.gov/files/2000_Democrat_State_Senate_WardbyWard_Returns.pdf, 
http://elections.wi.gov/files/2000_Republican_US_Senate_WardbyWard_Returns.pdf, 
http://elections.wi.gov/files/2000_Republican_US_Congress_WardbyWard_Returns.pdf, 
http://elections.wi.gov/files/2000_Republican_State_Senate_WardbyWard_Returns.pdf, 
http://elections.wi.gov/files/2000_Repbulican_State_Assembly_WardbyWard_Returns.pdf",False,,True,yes,False,,False,,False,,certified,False,"Davies, Nick"
1847,WI,2000-04-04,2000-04-04,general,False,,,False,False,False,False,True,False,http://elections.wi.gov/elections-voting/results/2000/spring-election,"http://elections.wi.gov/files/2000_Spring_SupremeCourt_WardbyWard.pdf, 
http://elections.wi.gov/files/2000_SpringElection_MunicipalJudge_WardbyWard.pdf, 
http://elections.wi.gov/files/2000_Recount_WalworthCo_Branch1_WardbyWard.pdf",False,,True,yes,False,,False,,False,,certified,False,"Davies, Nick"
1848,WI,2000-04-04,2000-04-04,primary,False,open,"Only for president, so open/closed/blanket is a non-issue",True,False,False,False,False,False,http://elections.wi.gov/elections-voting/results/2000/spring-presidential-preference,"http://elections.wi.gov/files/2000_PresidentialPreference_Democrat_WardbyWard.pdf, 
http://elections.wi.gov/files/2000_PresidentialPreference_Republican_WardbyWard.pdf",False,,True,yes,False,,False,,False,,certified,False,"Davies, Nick"
1849,WI,2000-02-15,2000-02-15,primary,False,open,Non-partisan,False,False,False,False,True,False,http://elections.wi.gov/elections-voting/results/2000/spring-primary,http://elections.wi.gov/files/2000_SpringElection_PrimaryResults_WardbyWard.pdf,False,,True,yes,False,,False,,False,,certified,False,"Davies, Nick"
